film_id,title,rating,category,rental_duration,replacement_cost,rental_count
1,ACADEMY DINOSAUR,PG,Documentary,6,20.99,23
2,ACE GOLDFINGER,G,Horror,3,12.99,7
3,ADAPTATION HOLES,NC-17,Documentary,7,18.99,12
4,AFFAIR PREJUDICE,G,Horror,5,26.99,23
5,AFRICAN EGG,G,Family,6,22.99,12
6,AGENT TRUMAN,PG,Foreign,3,17.99,21
7,AIRPLANE SIERRA,PG-13,Comedy,6,28.99,15
8,AIRPORT POLLOCK,R,Horror,6,15.99,18
9,ALABAMA DEVIL,PG-13,Horror,3,21.99,12
10,ALADDIN CALENDAR,NC-17,Sports,6,24.99,23
11,ALAMO VIDEOTAPE,G,Foreign,6,16.99,24
12,ALASKA PHANTOM,PG,Music,6,22.99,26
13,ALI FOREVER,PG,Horror,4,21.99,9
15,ALIEN CENTER,NC-17,Foreign,5,10.99,22
16,ALLEY EVOLUTION,NC-17,Foreign,6,23.99,14
17,ALONE TRIP,R,Music,3,14.99,18
18,ALTER VICTORY,PG-13,Animation,6,27.99,22
19,AMADEUS HOLY,PG,Action,6,20.99,21
20,AMELIE HELLFIGHTERS,R,Music,4,23.99,10
21,AMERICAN CIRCUS,R,Action,3,17.99,22
22,AMISTAD MIDSUMMER,G,New,6,10.99,21
23,ANACONDA CONFESSIONS,R,Animation,3,9.99,21
24,ANALYZE HOOSIERS,R,Horror,6,19.99,14
25,ANGELS LIFE,G,New,3,15.99,22
26,ANNIE IDENTITY,G,Sci-Fi,3,15.99,22
27,ANONYMOUS HUMAN,NC-17,Sports,7,12.99,13
28,ANTHEM LUKE,PG-13,Comedy,5,16.99,15
29,ANTITRUST TOMATOES,NC-17,Action,5,11.99,10
30,ANYTHING SAVANNAH,R,Horror,4,27.99,9
31,APACHE DIVINE,NC-17,Family,5,16.99,31
32,APOCALYPSE FLAMINGOS,R,New,6,11.99,6
34,ARABIA DOGMA,NC-17,Horror,6,29.99,13
35,ARACHNOPHOBIA ROLLERCOASTER,PG-13,Horror,4,24.99,24
37,ARIZONA BANG,PG,Classics,3,28.99,21
39,ARMAGEDDON LOST,G,Sci-Fi,5,10.99,21
40,ARMY FLINTSTONES,R,Documentary,4,22.99,16
42,ARTIST COLDBLOODED,NC-17,Sports,5,10.99,16
43,ATLANTIS CAUSE,G,Family,6,15.99,24
44,ATTACKS HATE,PG-13,Sci-Fi,5,21.99,16
45,ATTRACTION NEWTON,PG-13,New,5,14.99,24
46,AUTUMN CROW,G,Games,3,13.99,11
47,BABY HALL,NC-17,Foreign,5,23.99,8
48,BACKLASH UNDEFEATED,PG-13,Children,3,24.99,19
49,BADMAN DAWN,R,Sci-Fi,6,22.99,21
50,BAKED CLEOPATRA,G,Family,3,20.99,16
51,BALLOON HOMEWARD,NC-17,Music,5,10.99,23
52,BALLROOM MOCKINGBIRD,G,Foreign,6,29.99,8
53,BANG KWAI,NC-17,Family,5,25.99,7
54,BANGER PINOCCHIO,R,Music,5,15.99,22
55,BARBARELLA STREETCAR,G,Sci-Fi,6,27.99,25
56,BAREFOOT MANCHURIAN,G,Action,6,15.99,18
57,BASIC EASY,PG-13,Travel,4,18.99,21
58,BEACH HEARTBREAKERS,G,Documentary,6,16.99,17
59,BEAR GRACELAND,R,Children,4,20.99,22
60,BEAST HUNCHBACK,R,Classics,3,22.99,11
61,BEAUTY GREASE,G,Drama,5,28.99,22
62,BED HIGHBALL,NC-17,Documentary,5,23.99,6
63,BEDAZZLED MARRIED,PG,Family,6,21.99,13
64,BEETHOVEN EXORCIST,PG-13,Drama,6,26.99,11
65,BEHAVIOR RUNAWAY,PG,Horror,3,20.99,13
66,BENEATH RUSH,NC-17,Children,6,27.99,10
67,BERETS AGENT,PG-13,Action,5,24.99,21
68,BETRAYED REAR,NC-17,Children,5,26.99,15
69,BEVERLY OUTLAW,R,Sci-Fi,3,21.99,21
70,BIKINI BORROWERS,NC-17,Animation,7,26.99,17
71,BILKO ANONYMOUS,PG-13,Family,3,25.99,13
72,BILL OTHERS,PG,Documentary,6,12.99,19
73,BINGO TALENTED,PG-13,Sci-Fi,5,22.99,29
74,BIRCH ANTITRUST,PG,Music,4,18.99,11
75,BIRD INDEPENDENCE,G,Travel,6,14.99,11
76,BIRDCAGE CASPER,NC-17,Music,4,23.99,9
77,BIRDS PERDITION,G,New,5,15.99,18
78,BLACKOUT PRIVATE,PG,Animation,7,12.99,27
79,BLADE POLISH,PG-13,Drama,5,10.99,22
80,BLANKET BEVERLY,G,Family,7,21.99,12
81,BLINDNESS GUN,PG-13,Sci-Fi,6,29.99,14
82,BLOOD ARGONAUTS,G,Family,3,13.99,10
83,BLUES INSTINCT,G,Family,5,18.99,21
84,BOILED DARES,PG,Travel,7,13.99,15
85,BONNIE HOLOCAUST,G,Documentary,4,29.99,16
86,BOOGIE AMELIE,R,Music,6,11.99,29
88,BORN SPINAL,PG,Travel,7,17.99,12
89,BORROWERS BEDAZZLED,G,Animation,7,22.99,22
90,BOULEVARD MOB,R,New,3,11.99,18
91,BOUND CHEAPER,PG,Classics,5,17.99,24
92,BOWFINGER GABLES,NC-17,Horror,7,19.99,11
93,BRANNIGAN SUNRISE,PG,New,4,27.99,12
94,BRAVEHEART HUMAN,PG-13,Family,7,14.99,5
95,BREAKFAST GOLDFINGER,G,New,5,18.99,17
96,BREAKING HOME,PG-13,New,4,21.99,13
97,BRIDE INTRIGUE,G,Action,7,24.99,19
98,BRIGHT ENCOUNTERS,PG-13,Drama,4,12.99,13
99,BRINGING HYSTERICAL,PG,Comedy,7,14.99,20
100,BROOKLYN DESERT,R,Foreign,7,21.99,21
101,BROTHERHOOD BLANKET,R,Documentary,3,26.99,26
102,BUBBLE GROSSE,R,Sports,4,20.99,6
103,BUCKET BROTHERHOOD,PG,Travel,7,27.99,34
104,BUGSY SONG,G,Foreign,4,17.99,11
105,BULL SHAWSHANK,NC-17,Action,6,21.99,16
106,BULWORTH COMMANDMENTS,G,Games,4,14.99,7
107,BUNCH MINDS,G,Drama,4,13.99,5
109,BUTTERFLY CHOCOLAT,G,New,3,17.99,30
110,CABIN FLASH,NC-17,Children,4,25.99,15
111,CADDYSHACK JEDI,NC-17,Action,3,17.99,16
112,CALENDAR GUNFIGHT,NC-17,Foreign,4,22.99,21
113,CALIFORNIA BIRDS,NC-17,Sports,4,19.99,12
114,CAMELOT VACATION,NC-17,Sci-Fi,3,26.99,27
115,CAMPUS REMEMBER,R,Action,5,27.99,19
116,CANDIDATE PERDITION,R,Classics,4,10.99,18
117,CANDLES GRAPES,NC-17,Games,6,15.99,23
118,CANYON STOCK,R,Animation,7,26.99,19
119,CAPER MOTIONS,G,Comedy,6,22.99,24
120,CARIBBEAN LIBERTY,NC-17,Sports,3,16.99,9
121,CAROL TEXAS,PG,Animation,4,15.99,18
122,CARRIE BUNCH,PG,Horror,7,11.99,23
123,CASABLANCA SUPER,G,Travel,6,22.99,16
124,CASPER DRAGONFLY,PG-13,Children,3,16.99,8
125,CASSIDY WYOMING,NC-17,Travel,5,19.99,6
126,CASUALTIES ENCINO,G,Action,3,16.99,9
127,CAT CONEHEADS,G,Comedy,5,14.99,30
129,CAUSE DATE,R,Documentary,3,16.99,21
130,CELEBRITY HORN,PG-13,Action,7,24.99,24
131,CENTER DINOSAUR,PG,Classics,5,12.99,24
132,CHAINSAW UPTOWN,PG,Sci-Fi,6,25.99,21
133,CHAMBER ITALIAN,NC-17,Music,7,14.99,13
134,CHAMPION FLATLINERS,PG,Animation,4,21.99,13
135,CHANCE RESURRECTION,R,Sports,3,22.99,27
136,CHAPLIN LICENSE,NC-17,New,7,26.99,8
137,CHARADE DUFFEL,PG,Sci-Fi,3,21.99,15
138,CHARIOTS CONSPIRACY,R,Sci-Fi,5,29.99,21
139,CHASING FIGHT,PG,Family,7,21.99,20
140,CHEAPER CLYDE,G,Sci-Fi,6,23.99,20
141,CHICAGO NORTH,PG-13,Games,6,11.99,16
142,CHICKEN HELLFIGHTERS,PG,Documentary,3,24.99,22
143,CHILL LUCK,PG,Drama,6,17.99,22
145,CHISUM BEHAVIOR,G,Family,5,25.99,13
146,CHITTY LOCK,G,Drama,6,24.99,8
147,CHOCOLAT HARRY,NC-17,Family,5,16.99,20
149,CHRISTMAS MOONSHINE,NC-17,Children,7,21.99,21
150,CIDER DESIRE,PG,Documentary,7,9.99,19
151,CINCINATTI WHISPERER,NC-17,Sci-Fi,5,26.99,13
152,CIRCUS YOUTH,PG-13,Children,5,13.99,15
153,CITIZEN SHREK,G,Sci-Fi,7,18.99,13
154,CLASH FREDDY,G,Animation,6,12.99,25
155,CLEOPATRA DEVIL,PG-13,New,6,26.99,18
156,CLERKS ANGELS,G,Documentary,3,15.99,7
157,CLOCKWORK PARADISE,PG-13,Children,7,29.99,10
158,CLONES PINOCCHIO,R,Music,6,16.99,19
159,CLOSER BANG,R,Comedy,5,12.99,28
160,CLUB GRAFFITI,PG-13,Animation,4,12.99,19
161,CLUE GRAIL,NC-17,Music,6,27.99,7
162,CLUELESS BUCKET,R,Action,4,13.99,25
163,CLYDE THEORY,PG-13,New,4,29.99,8
164,COAST RAINBOW,PG,Documentary,4,20.99,21
165,COLDBLOODED DARLING,G,Sci-Fi,7,27.99,16
166,COLOR PHILADELPHIA,G,Classics,6,19.99,24
167,COMA HEAD,NC-17,Travel,6,10.99,26
168,COMANCHEROS ENEMY,R,Children,5,23.99,6
169,COMFORTS RUSH,NC-17,Travel,3,19.99,17
170,COMMAND DARLING,PG-13,Foreign,5,28.99,16
172,CONEHEADS SMOOCHY,NC-17,Drama,7,12.99,25
173,CONFESSIONS MAGUIRE,PG-13,Drama,7,25.99,14
174,CONFIDENTIAL INTERVIEW,NC-17,Music,6,13.99,29
175,CONFUSED CANDLES,PG-13,Family,3,27.99,17
176,CONGENIALITY QUEST,PG-13,Sports,6,21.99,22
177,CONNECTICUT TRAMP,R,Sci-Fi,4,20.99,13
178,CONNECTION MICROCOSMOS,G,Comedy,6,25.99,7
179,CONQUERER NUTS,G,Drama,4,14.99,16
180,CONSPIRACY SPIRIT,PG-13,Classics,4,27.99,5
181,CONTACT ANONYMOUS,PG-13,Travel,7,10.99,26
182,CONTROL ANTHEM,G,Comedy,7,9.99,7
183,CONVERSATION DOWNHILL,R,Family,4,14.99,17
184,CORE SUIT,PG-13,Classics,3,24.99,18
185,COWBOY DOOM,PG,Foreign,3,10.99,7
186,CRAFT OUTFIELD,NC-17,Drama,6,17.99,16
187,CRANES RESERVOIR,NC-17,Sports,5,12.99,11
188,CRAZY HOME,PG,Comedy,7,24.99,9
189,CREATURES SHAKESPEARE,NC-17,Games,3,23.99,16
190,CREEPERS KANE,NC-17,Classics,5,23.99,14
191,CROOKED FROGMEN,PG-13,Children,6,27.99,23
193,CROSSROADS CASUALTIES,G,Animation,5,20.99,21
194,CROW GREASE,PG,Action,6,22.99,12
196,CRUELTY UNFORGIVEN,G,Classics,7,29.99,7
197,CRUSADE HONEY,R,Sports,4,27.99,8
199,CUPBOARD SINNERS,R,Documentary,4,29.99,23
200,CURTAIN VIDEOTAPE,PG-13,Games,7,27.99,27
201,CYCLONE FAMILY,PG,Foreign,7,18.99,15
202,DADDY PITTSBURGH,G,Comedy,5,26.99,13
203,DAISY MENAGERIE,G,Sci-Fi,5,9.99,16
204,DALMATIONS SWEDEN,PG,Drama,4,25.99,20
205,DANCES NONE,NC-17,Action,3,22.99,14
206,DANCING FEVER,G,Documentary,6,25.99,27
207,DANGEROUS UPTOWN,PG,Foreign,7,26.99,12
208,DARES PLUTO,PG-13,Animation,7,16.99,9
209,DARKNESS WAR,NC-17,Drama,6,24.99,13
210,DARKO DORADO,NC-17,Action,3,13.99,11
211,DARLING BREAKING,PG-13,Games,7,20.99,9
212,DARN FORRESTER,G,Action,7,14.99,18
213,DATE SPEED,R,Family,4,19.99,13
214,DAUGHTER MADIGAN,PG-13,Children,3,13.99,9
215,DAWN POND,PG,Games,4,27.99,18
216,DAY UNFAITHFUL,G,New,3,16.99,14
218,DECEIVER BETRAYED,NC-17,Drama,7,22.99,21
219,DEEP CRUSADE,PG-13,Documentary,6,20.99,14
220,DEER VIRGINIAN,NC-17,Music,7,13.99,29
222,DESERT POSEIDON,R,Horror,4,27.99,19
223,DESIRE ALIEN,NC-17,Animation,7,24.99,8
224,DESPERATE TRAINSPOTTING,G,Travel,7,29.99,6
225,DESTINATION JERK,PG-13,Drama,3,19.99,8
226,DESTINY SATURDAY,G,New,4,20.99,16
227,DETAILS PACKER,R,Games,4,17.99,19
228,DETECTIVE VISION,PG-13,Classics,4,16.99,27
229,DEVIL DESIRE,R,Action,6,12.99,15
230,DIARY PANIC,G,Drama,7,20.99,9
231,DINOSAUR SECRETARY,R,Family,7,27.99,20
232,DIRTY ACE,NC-17,Games,7,29.99,15
233,DISCIPLE MOTHER,PG,Travel,3,17.99,19
234,DISTURBING SCARFACE,R,Sci-Fi,6,27.99,26
235,DIVIDE MONSTER,PG-13,Sci-Fi,6,13.99,21
236,DIVINE RESURRECTION,R,Games,4,19.99,15
237,DIVORCE SHINING,G,Sports,3,21.99,7
238,DOCTOR GRAIL,G,Children,4,29.99,7
239,DOGMA FAMILY,G,Animation,5,16.99,30
240,DOLLS RAGE,PG-13,Sci-Fi,7,10.99,9
241,DONNIE ALLEY,NC-17,Animation,4,20.99,14
242,DOOM DANCING,R,Comedy,4,13.99,21
243,DOORS PRESIDENT,NC-17,Animation,3,22.99,19
244,DORADO NOTTING,NC-17,Music,5,26.99,27
245,DOUBLE WRATH,R,Animation,4,28.99,25
246,DOUBTFIRE LABYRINTH,R,Foreign,5,16.99,10
247,DOWNHILL ENOUGH,G,Comedy,3,19.99,25
248,DOZEN LION,NC-17,Documentary,6,20.99,7
249,DRACULA CRYSTAL,G,Classics,7,26.99,21
250,DRAGON SQUAD,NC-17,Action,4,26.99,11
251,DRAGONFLY STRANGERS,NC-17,New,6,19.99,18
252,DREAM PICKUP,PG,Action,6,18.99,22
253,DRIFTER COMMANDMENTS,PG-13,Action,5,18.99,24
254,DRIVER ANNIE,PG-13,Sports,4,11.99,18
255,DRIVING POLISH,NC-17,Music,6,21.99,21
256,DROP WATERFRONT,R,Sports,6,20.99,9
257,DRUMLINE CYCLONE,G,Travel,3,14.99,11
258,DRUMS DYNAMITE,PG,Horror,6,11.99,13
259,DUCK RACER,NC-17,Animation,4,15.99,6
260,DUDE BLINDNESS,G,Sports,3,9.99,16
261,DUFFEL APOCALYPSE,G,Documentary,5,13.99,7
262,DUMBO LUST,NC-17,Family,5,17.99,6
263,DURHAM PANKY,R,Sports,6,14.99,26
264,DWARFS ALTER,G,Games,6,13.99,9
265,DYING MAKER,PG,Comedy,5,28.99,17
266,DYNAMITE TARZAN,PG-13,Classics,4,27.99,25
267,EAGLES PANKY,NC-17,New,4,14.99,22
268,EARLY HOME,NC-17,Animation,6,27.99,7
269,EARRING INSTINCT,R,Family,3,22.99,19
270,EARTH VISION,NC-17,New,7,29.99,23
271,EASY GLADIATOR,G,Action,5,12.99,23
272,EDGE KISSING,NC-17,Drama,5,9.99,15
273,EFFECT GLADIATOR,PG,Family,6,14.99,25
274,EGG IGBY,PG,Documentary,4,20.99,21
275,EGYPT TENENBAUMS,PG,Horror,3,11.99,17
276,ELEMENT FREDDY,NC-17,Comedy,6,28.99,10
277,ELEPHANT TROJAN,PG-13,Horror,4,24.99,14
278,ELF MURDER,NC-17,Music,4,19.99,7
279,ELIZABETH SHANE,NC-17,Sports,7,11.99,10
280,EMPIRE MALKOVICH,G,Children,7,26.99,21
281,ENCINO ELF,G,Games,6,9.99,19
282,ENCOUNTERS CURTAIN,NC-17,Drama,5,20.99,19
283,ENDING CROWDS,NC-17,New,6,10.99,11
284,ENEMY ODDS,NC-17,Music,5,23.99,29
285,ENGLISH BULWORTH,PG-13,Sci-Fi,3,18.99,30
286,ENOUGH RAGING,NC-17,Travel,7,16.99,18
287,ENTRAPMENT SATISFACTION,R,Action,5,19.99,15
288,ESCAPE METROPOLIS,R,Travel,7,20.99,25
289,EVE RESURRECTION,G,New,5,25.99,7
290,EVERYONE CRAFT,PG,Foreign,4,29.99,13
291,EVOLUTION ALTER,PG-13,Sports,5,10.99,12
292,EXCITEMENT EVE,G,Action,3,20.99,21
293,EXORCIST STING,G,Sports,6,17.99,13
294,EXPECATIONS NATURAL,PG-13,Travel,5,26.99,18
295,EXPENDABLE STALLION,PG,Documentary,3,14.99,28
296,EXPRESS LONELY,R,Sci-Fi,5,23.99,13
297,EXTRAORDINARY CONQUERER,G,Classics,6,29.99,6
298,EYES DRIVING,PG-13,Sci-Fi,4,13.99,19
299,FACTORY DRAGON,PG-13,Travel,4,9.99,17
300,FALCON VOLUME,PG-13,Animation,5,21.99,22
301,FAMILY SWEET,R,Horror,4,24.99,29
302,FANTASIA PARK,G,Games,5,29.99,19
303,FANTASY TROOPERS,PG-13,Action,6,27.99,26
304,FARGO GANDHI,G,Children,3,28.99,24
305,FATAL HAUNTED,PG,New,6,24.99,28
306,FEATHERS METAL,PG-13,Games,3,12.99,11
307,FELLOWSHIP AUTUMN,NC-17,Travel,6,9.99,26
308,FERRIS MOTHER,PG,Comedy,3,13.99,17
309,FEUD FROGMEN,R,Family,6,29.99,25
310,FEVER EMPIRE,R,Games,5,20.99,5
311,FICTION CHRISTMAS,PG,Foreign,4,14.99,19
312,FIDDLER LOST,R,Sci-Fi,4,20.99,10
313,FIDELITY DEVIL,G,Horror,5,11.99,21
314,FIGHT JAWBREAKER,R,Animation,3,13.99,22
315,FINDING ANACONDA,R,Family,4,10.99,12
316,FIRE WOLVES,R,Games,5,18.99,7
317,FIREBALL PHILADELPHIA,PG,Comedy,4,25.99,21
319,FISH OPUS,R,Sci-Fi,4,22.99,25
320,FLAMINGOS CONNECTICUT,PG-13,New,4,28.99,23
321,FLASH WARS,NC-17,New,3,21.99,13
322,FLATLINERS KILLER,G,Sports,5,29.99,22
323,FLIGHT LIES,R,Sports,7,22.99,12
324,FLINTSTONES HAPPINESS,PG-13,Comedy,3,11.99,17
326,FLYING HOOK,NC-17,Animation,6,18.99,20
327,FOOL MOCKINGBIRD,PG,Action,3,24.99,23
328,FOREVER CANDIDATE,NC-17,Children,7,28.99,13
329,FORREST SONS,R,Action,4,15.99,18
330,FORRESTER COMANCHEROS,NC-17,Animation,7,22.99,27
331,FORWARD TEMPLE,NC-17,Games,6,25.99,32
333,FREAKY POCUS,R,Music,7,16.99,17
334,FREDDY STORM,NC-17,Horror,6,21.99,23
335,FREEDOM CLEOPATRA,PG-13,Comedy,5,23.99,5
336,FRENCH HOLIDAY,PG,Documentary,5,22.99,17
337,FRIDA SLIPPER,R,Foreign,6,11.99,11
338,FRISCO FORREST,PG,Sci-Fi,6,23.99,9
339,FROGMEN BREAKING,R,Travel,5,17.99,10
340,FRONTIER CABIN,PG-13,New,6,14.99,6
341,FROST HEAD,PG,Classics,5,13.99,30
342,FUGITIVE MAGUIRE,R,Travel,7,28.99,11
343,FULL FLATLINERS,PG,Children,6,14.99,5
344,FURY MURDER,PG-13,Children,3,28.99,19
345,GABLES METROPOLIS,PG,Family,3,17.99,19
346,GALAXY SWEETHEARTS,R,Classics,4,13.99,18
347,GAMES BOWFINGER,PG-13,Travel,7,17.99,14
348,GANDHI KWAI,PG-13,Family,7,9.99,17
349,GANGS PRIDE,PG-13,Animation,4,27.99,27
350,GARDEN ISLAND,G,Sci-Fi,3,21.99,20
351,GASLIGHT CRUSADE,PG,Horror,4,10.99,16
352,GATHERING CALENDAR,PG-13,Games,4,22.99,11
353,GENTLEMEN STAGE,NC-17,Foreign,6,22.99,23
354,GHOST GROUNDHOG,G,Children,6,18.99,21
355,GHOSTBUSTERS ELF,R,Animation,7,18.99,9
356,GIANT TROOPERS,R,Children,5,10.99,28
357,GILBERT PELICAN,G,Classics,7,13.99,9
358,GILMORE BOILED,R,Classics,5,29.99,28
360,GLASS DYING,G,Action,4,24.99,14
361,GLEAMING JAWBREAKER,NC-17,Sports,5,25.99,29
362,GLORY TRACY,PG-13,Games,7,13.99,5
363,GO PURPLE,R,Music,3,12.99,20
364,GODFATHER DIARY,NC-17,New,3,14.99,8
365,GOLD RIVER,R,Comedy,4,21.99,14
366,GOLDFINGER SENSIBILITY,G,Drama,3,29.99,24
367,GOLDMINE TYCOON,R,Sci-Fi,6,20.99,27
368,GONE TROUBLE,R,Drama,7,20.99,10
369,GOODFELLAS SALUTE,PG,Sci-Fi,4,22.99,31
370,GORGEOUS BINGO,R,Children,4,26.99,19
371,GOSFORD DONNIE,G,Action,5,17.99,8
372,GRACELAND DYNAMITE,R,Sports,5,26.99,6
373,GRADUATE LORD,G,Children,7,14.99,16
374,GRAFFITI LOVE,PG,Sci-Fi,3,29.99,30
375,GRAIL FRANKENSTEIN,NC-17,Action,4,17.99,10
376,GRAPES FURY,G,Foreign,4,20.99,22
377,GREASE YOUTH,G,Family,7,20.99,21
378,GREATEST NORTH,NC-17,Music,5,24.99,29
379,GREEDY ROOTS,R,Drama,7,14.99,14
380,GREEK EVERYONE,PG,Foreign,7,11.99,17
381,GRINCH MASSAGE,R,Games,7,25.99,14
382,GRIT CLOCKWORK,PG,Games,3,21.99,32
383,GROOVE FICTION,NC-17,Sports,6,13.99,18
384,GROSSE WONDERFUL,R,Music,5,19.99,8
385,GROUNDHOG UNCUT,PG-13,Comedy,6,26.99,18
387,GUN BONNIE,G,Games,7,27.99,25
388,GUNFIGHT MOON,NC-17,Comedy,5,16.99,24
389,GUNFIGHTER MUSSOLINI,PG-13,Sports,3,9.99,12
390,GUYS FALCON,R,Sci-Fi,4,20.99,9
391,HALF OUTFIELD,PG-13,Family,6,25.99,26
392,HALL CASSIDY,NC-17,Children,5,13.99,16
393,HALLOWEEN NUTS,PG-13,Documentary,6,19.99,10
394,HAMLET WISDOM,R,Sci-Fi,7,21.99,14
395,HANDICAP BOONDOCK,R,Action,4,28.99,28
396,HANGING DEEP,G,Drama,5,18.99,19
397,HANKY OCTOBER,NC-17,Sci-Fi,5,26.99,26
398,HANOVER GALAXY,NC-17,Music,5,21.99,17
399,HAPPINESS UNITED,G,Foreign,6,23.99,6
400,HARDLY ROBBERS,R,Documentary,7,15.99,4
401,HAROLD FRENCH,NC-17,Drama,6,10.99,8
402,HARPER DYING,G,Animation,3,15.99,20
403,HARRY IDAHO,PG-13,Drama,5,18.99,30
405,HAUNTED ANTITRUST,NC-17,Travel,6,13.99,6
406,HAUNTING PIANIST,R,Games,5,22.99,22
407,HAWK CHILL,PG-13,Documentary,5,12.99,7
408,HEAD STRANGER,R,Games,4,28.99,22
409,HEARTBREAKERS BRIGHT,G,Children,3,9.99,20
410,HEAVEN FREEDOM,PG,Comedy,7,19.99,18
411,HEAVENLY GUN,NC-17,Music,5,13.99,7
412,HEAVYWEIGHTS BEAST,G,Documentary,6,25.99,23
413,HEDWIG ALTER,NC-17,Comedy,7,16.99,12
414,HELLFIGHTERS SIERRA,PG,Foreign,3,23.99,20
415,HIGH ENCINO,R,Horror,3,23.99,22
416,HIGHBALL POTTER,R,Foreign,6,10.99,21
417,HILLS NEIGHBORS,G,Action,5,29.99,25
418,HOBBIT ALIEN,PG-13,Drama,5,27.99,31
420,HOLES BRANNIGAN,PG,Sports,7,27.99,15
421,HOLIDAY GAMES,PG-13,Foreign,7,10.99,15
422,HOLLOW JEOPARDY,NC-17,Sci-Fi,7,25.99,10
423,HOLLYWOOD ANONYMOUS,PG,Children,7,29.99,13
424,HOLOCAUST HIGHBALL,R,Children,6,12.99,17
425,HOLY TADPOLE,R,Classics,6,20.99,9
426,HOME PITY,R,Music,7,15.99,14
427,HOMEWARD CIDER,R,Documentary,5,19.99,16
428,HOMICIDE PEACH,PG-13,Family,6,21.99,22
429,HONEY TIES,R,Sports,3,29.99,19
430,HOOK CHARIOTS,G,Animation,7,23.99,13
431,HOOSIERS BIRDCAGE,G,Foreign,3,12.99,8
432,HOPE TOOTSIE,NC-17,Classics,4,22.99,18
433,HORN WORKING,PG,Animation,4,23.99,24
434,HORROR REIGN,R,Travel,3,25.99,27
435,HOTEL HAPPINESS,PG-13,Foreign,6,28.99,9
436,HOURS RAGE,NC-17,New,4,14.99,19
437,HOUSE DYNAMITE,R,Family,7,13.99,23
438,HUMAN GRAFFITI,NC-17,Games,3,22.99,15
439,HUNCHBACK IMPOSSIBLE,PG-13,Drama,4,28.99,20
440,HUNGER ROOF,G,Foreign,6,21.99,13
441,HUNTER ALTER,PG-13,Documentary,5,21.99,5
442,HUNTING MUSKETEERS,NC-17,Family,6,24.99,15
443,HURRICANE AFFAIR,PG,Comedy,6,11.99,24
444,HUSTLER PARTY,NC-17,Comedy,3,22.99,22
445,HYDE DOCTOR,G,Classics,5,11.99,26
446,HYSTERICAL GRAIL,PG,Sports,5,19.99,15
447,ICE CROSSING,R,Games,5,28.99,24
448,IDAHO LOVE,PG-13,New,3,25.99,17
449,IDENTITY LOVER,PG-13,Sci-Fi,4,12.99,13
450,IDOLS SNATCHERS,NC-17,Children,5,29.99,30
451,IGBY MAKER,NC-17,Travel,7,12.99,19
452,ILLUSION AMELIE,R,Foreign,4,15.99,15
453,IMAGE PRINCESS,PG-13,Sports,3,17.99,14
454,IMPACT ALADDIN,PG-13,Music,6,20.99,9
455,IMPOSSIBLE PREJUDICE,NC-17,Foreign,7,11.99,14
456,INCH JET,NC-17,Animation,6,18.99,18
457,INDEPENDENCE HOTEL,NC-17,Documentary,5,21.99,19
458,INDIAN LOVE,NC-17,Family,4,26.99,16
459,INFORMER DOUBLE,NC-17,Foreign,4,23.99,5
460,INNOCENT USUAL,PG-13,Foreign,3,26.99,26
461,INSECTS STONE,NC-17,Animation,3,14.99,18
462,INSIDER ARIZONA,NC-17,Music,5,17.99,20
463,INSTINCT AIRPORT,PG,Sports,4,21.99,18
464,INTENTIONS EMPIRE,PG-13,Animation,3,13.99,17
465,INTERVIEW LIAISONS,R,New,4,17.99,20
466,INTOLERABLE INTENTIONS,PG-13,Documentary,6,20.99,9
467,INTRIGUE WORST,G,Foreign,6,10.99,20
468,INVASION CYCLONE,PG,Children,5,12.99,27
469,IRON MOON,PG,Classics,7,27.99,11
470,ISHTAR ROCKETEER,R,Animation,4,24.99,7
471,ISLAND EXORCIST,NC-17,Classics,7,23.99,26
472,ITALIAN AFRICAN,G,Travel,3,24.99,6
473,JACKET FRISCO,PG-13,Drama,5,16.99,18
474,JADE BUNCH,NC-17,Sports,6,21.99,18
475,JAPANESE RUN,G,Horror,6,29.99,6
476,JASON TRAP,NC-17,Family,5,9.99,24
477,JAWBREAKER BROOKLYN,PG,Music,5,15.99,10
478,JAWS HARRY,G,Comedy,4,10.99,14
479,JEDI BENEATH,PG,Family,7,12.99,19
480,JEEPERS WEDDING,R,Classics,3,29.99,16
481,JEKYLL FROGMEN,PG,New,4,22.99,17
482,JEOPARDY ENCINO,R,Classics,3,12.99,10
483,JERICHO MULAN,NC-17,Games,3,29.99,17
484,JERK PAYCHECK,NC-17,Classics,3,13.99,20
485,JERSEY SASSY,PG,Children,6,16.99,6
486,JET NEIGHBORS,R,Foreign,7,14.99,20
487,JINGLE SAGEBRUSH,PG-13,Classics,6,29.99,13
488,JOON NORTHWEST,NC-17,Sports,3,23.99,17
489,JUGGLER HARDLY,PG-13,Animation,4,14.99,32
490,JUMANJI BLADE,G,New,4,13.99,8
491,JUMPING WRATH,NC-17,Children,4,18.99,24
492,JUNGLE CLOSER,NC-17,New,6,11.99,9
493,KANE EXORCIST,R,Foreign,5,18.99,14
494,KARATE MOON,PG-13,Horror,4,21.99,23
496,KICK SAVANNAH,PG-13,Travel,3,10.99,20
498,KILLER INNOCENT,R,Family,7,11.99,6
499,KING EVOLUTION,NC-17,Family,3,24.99,9
500,KISS GLORY,PG-13,Foreign,5,11.99,22
501,KISSING DOLLS,R,Action,3,9.99,20
502,KNOCK WARLOCK,PG-13,Comedy,4,21.99,24
503,KRAMER CHOCOLATE,R,Sports,3,24.99,9
504,KWAI HOMEWARD,PG-13,Drama,5,25.99,23
505,LABYRINTH LEAGUE,PG-13,Children,6,24.99,15
506,LADY STAGE,PG,Horror,4,14.99,17
507,LADYBUGS ARMAGEDDON,NC-17,Games,4,13.99,6
508,LAMBS CINCINATTI,PG-13,Games,6,18.99,10
509,LANGUAGE COWBOY,NC-17,Children,5,26.99,11
510,LAWLESS VISION,G,Animation,6,29.99,17
511,LAWRENCE LOVE,NC-17,Action,7,23.99,13
512,LEAGUE HELLFIGHTERS,PG-13,Classics,5,25.99,17
513,LEATHERNECKS DWARFS,PG-13,Travel,6,21.99,7
514,LEBOWSKI SOLDIERS,PG-13,Drama,6,17.99,21
515,LEGALLY SECRETARY,PG,Children,7,14.99,9
516,LEGEND JEDI,PG,Music,7,18.99,9
517,LESSON CLEOPATRA,NC-17,Sports,3,28.99,7
518,LIAISONS SWEET,PG,Travel,5,15.99,22
519,LIBERTY MAGNIFICENT,G,Sports,3,27.99,12
520,LICENSE WEEKEND,NC-17,Sci-Fi,7,28.99,7
521,LIES TREATMENT,NC-17,Drama,7,28.99,27
522,LIFE TWISTED,NC-17,Comedy,4,9.99,10
523,LIGHTS DEER,R,Classics,7,21.99,8
524,LION UNCUT,PG,Comedy,6,13.99,18
525,LOATHING LEGALLY,R,Classics,4,29.99,27
526,LOCK REAR,R,Travel,7,10.99,16
527,LOLA AGENT,PG,Horror,4,24.99,24
528,LOLITA WORLD,NC-17,Family,4,25.99,10
529,LONELY ELEPHANT,G,Comedy,3,12.99,15
530,LORD ARIZONA,PG-13,Action,5,27.99,11
531,LOSE INCH,R,Foreign,3,18.99,27
532,LOSER HUSTLER,PG,Sports,5,28.99,15
533,LOST BIRD,PG-13,Foreign,4,21.99,12
534,LOUISIANA HARRY,PG-13,Family,5,18.99,17
535,LOVE SUICIDES,R,Horror,6,21.99,20
536,LOVELY JINGLE,PG,Classics,3,18.99,14
537,LOVER TRUMAN,G,Classics,3,29.99,10
538,LOVERBOY ATTACKS,PG-13,New,7,19.99,12
539,LUCK OPUS,NC-17,Drama,7,21.99,10
540,LUCKY FLYING,PG-13,Music,7,10.99,13
541,LUKE MUMMY,NC-17,Animation,5,21.99,7
542,LUST LOCK,G,Action,3,28.99,15
543,MADIGAN DORADO,R,Travel,5,20.99,10
544,MADISON TRAP,R,Documentary,4,11.99,15
545,MADNESS ATTACKS,PG-13,Foreign,4,14.99,25
546,MADRE GABLES,PG-13,Games,7,27.99,14
547,MAGIC MALLRATS,PG,Children,3,19.99,7
548,MAGNIFICENT CHITTY,R,Classics,3,27.99,8
549,MAGNOLIA FORRESTER,PG-13,Action,4,28.99,11
550,MAGUIRE APACHE,NC-17,Family,6,22.99,9
551,MAIDEN HOME,PG,New,3,9.99,24
552,MAJESTIC FLOATS,PG,Documentary,5,15.99,17
553,MAKER GABLES,PG-13,Children,4,12.99,10
554,MALKOVICH PET,G,Classics,6,22.99,26
555,MALLRATS UNITED,PG,Comedy,4,25.99,25
556,MALTESE HOPE,PG-13,Games,6,26.99,22
557,MANCHURIAN CURTAIN,PG,Family,5,27.99,15
558,MANNEQUIN WORST,PG-13,New,3,18.99,5
559,MARRIED GO,G,Sci-Fi,7,22.99,30
560,MARS ROMAN,NC-17,Games,6,21.99,19
561,MASK PEACH,NC-17,New,6,26.99,17
562,MASKED BUBBLE,PG-13,Music,6,12.99,20
563,MASSACRE USUAL,R,Games,6,16.99,30
564,MASSAGE IMAGE,PG,Animation,4,11.99,12
565,MATRIX SNOWMAN,PG-13,Foreign,6,9.99,9
566,MAUDE MOD,R,Foreign,6,20.99,8
567,MEET CHOCOLATE,G,Foreign,3,26.99,12
568,MEMENTO ZOOLANDER,NC-17,Comedy,4,11.99,13
569,MENAGERIE RUSHMORE,G,Animation,7,18.99,7
570,MERMAID INSECTS,NC-17,Sports,5,20.99,16
571,METAL ARMAGEDDON,PG-13,Documentary,6,26.99,25
572,METROPOLIS COMA,PG-13,Sci-Fi,4,9.99,26
573,MICROCOSMOS PARADISE,PG-13,Children,6,22.99,13
574,MIDNIGHT WESTWARD,G,Action,3,19.99,17
575,MIDSUMMER GROUNDHOG,G,Documentary,3,27.99,22
576,MIGHTY LUCK,PG,Documentary,7,13.99,12
577,MILE MULAN,PG,Sports,4,10.99,13
578,MILLION ACE,PG-13,Classics,4,16.99,20
579,MINDS TRUMAN,PG-13,Action,3,22.99,20
580,MINE TITANS,PG-13,New,3,12.99,19
581,MINORITY KISS,G,Music,4,16.99,12
582,MIRACLE VIRTUAL,PG-13,Animation,3,19.99,9
583,MISSION ZOOLANDER,PG-13,Animation,3,26.99,18
584,MIXED DOORS,PG-13,Foreign,6,26.99,4
585,MOB DUFFEL,G,Drama,4,25.99,12
586,MOCKINGBIRD HOLLYWOOD,PG,Action,4,27.99,24
587,MOD SECRETARY,NC-17,Documentary,6,20.99,11
588,MODEL FISH,NC-17,Children,4,11.99,15
589,MODERN DORADO,PG,Documentary,3,20.99,15
590,MONEY HAROLD,PG,New,3,17.99,20
591,MONSOON CAUSE,PG,Games,6,20.99,9
592,MONSTER SPARTACUS,PG,Music,6,28.99,15
593,MONTEREY LABYRINTH,G,Horror,6,13.99,13
594,MONTEZUMA COMMAND,NC-17,Action,6,22.99,9
595,MOON BUNCH,PG,Foreign,7,20.99,29
596,MOONSHINE CABIN,PG-13,Games,4,25.99,21
597,MOONWALKER FOOL,G,Games,5,12.99,13
598,MOSQUITO ARMAGEDDON,G,Sports,6,22.99,15
599,MOTHER OLEANDER,R,Sports,3,20.99,14
600,MOTIONS DETAILS,PG,Horror,5,16.99,16
601,MOULIN WAKE,PG-13,Travel,4,20.99,16
602,MOURNING PURPLE,PG,Sci-Fi,5,14.99,21
603,MOVIE SHAKESPEARE,PG,Family,6,27.99,27
604,MULAN MOON,G,Comedy,4,10.99,13
605,MULHOLLAND BEAST,PG,Foreign,7,13.99,7
606,MUMMY CREATURES,NC-17,Sports,3,15.99,16
608,MURDER ANTITRUST,PG,Children,6,11.99,23
609,MUSCLE BRIGHT,G,Travel,7,23.99,30
610,MUSIC BOONDOCK,R,Family,7,17.99,19
611,MUSKETEERS WAIT,PG,Classics,7,17.99,17
612,MUSSOLINI SPOILERS,G,Sports,6,10.99,5
613,MYSTIC TRUMAN,NC-17,Comedy,5,19.99,10
614,NAME DETECTIVE,PG-13,Games,5,11.99,23
615,NASH CHOCOLAT,PG-13,Animation,6,21.99,15
616,NATIONAL STORY,NC-17,Documentary,4,19.99,19
617,NATURAL STOCK,PG-13,Family,4,24.99,13
618,NECKLACE OUTBREAK,PG,Drama,3,21.99,15
619,NEIGHBORS CHARADE,R,Sports,3,20.99,19
620,NEMO CAMPUS,NC-17,Sci-Fi,5,23.99,14
621,NETWORK PEAK,PG-13,Family,5,23.99,31
622,NEWSIES STORY,G,Documentary,4,25.99,7
623,NEWTON LABYRINTH,PG,Foreign,4,9.99,17
624,NIGHTMARE CHILL,PG,Games,3,25.99,25
625,NONE SPIKING,NC-17,Sci-Fi,3,18.99,27
626,NOON PAPI,G,Children,5,12.99,17
627,NORTH TEQUILA,NC-17,Documentary,4,9.99,11
628,NORTHWEST POLISH,PG,Sports,5,24.99,20
629,NOTORIOUS REUNION,NC-17,Documentary,7,9.99,14
630,NOTTING SPEAKEASY,PG-13,Drama,7,19.99,10
631,NOVOCAINE FLIGHT,G,Sports,4,11.99,19
632,NUTS TIES,NC-17,New,5,10.99,9
633,OCTOBER SUBMARINE,PG-13,Classics,6,10.99,11
634,ODDS BOOGIE,NC-17,Family,6,14.99,15
635,OKLAHOMA JUMANJI,PG,New,7,15.99,6
636,OLEANDER CLUE,PG,Music,5,12.99,10
637,OPEN AFRICAN,PG,Sci-Fi,7,16.99,21
638,OPERATION OPERATION,G,Comedy,7,23.99,27
639,OPPOSITE NECKLACE,PG,Family,7,9.99,13
640,OPUS ICE,R,Foreign,5,21.99,11
641,ORANGE GRAPES,PG-13,Foreign,4,21.99,24
643,ORIENT CLOSER,R,Drama,3,22.99,17
644,OSCAR GOLD,PG,Animation,7,29.99,25
645,OTHERS SOUP,PG,Travel,7,18.99,23
646,OUTBREAK DIVINE,NC-17,Games,6,12.99,23
647,OUTFIELD MASSACRE,NC-17,Music,4,18.99,20
648,OUTLAW HANKY,PG-13,Travel,7,17.99,14
649,OZ LIAISONS,R,Animation,4,14.99,24
650,PACIFIC AMISTAD,G,Documentary,3,27.99,24
651,PACKER MADIGAN,PG-13,Animation,3,20.99,22
652,PAJAMA JAWBREAKER,R,Classics,3,14.99,14
653,PANIC CLUB,G,Horror,3,15.99,7
654,PANKY SUBMARINE,G,Games,4,19.99,15
655,PANTHER REDS,NC-17,Sci-Fi,5,22.99,15
656,PAPI NECKLACE,PG,Travel,3,9.99,8
657,PARADISE SABRINA,PG-13,Comedy,5,12.99,18
658,PARIS WEEKEND,PG-13,Horror,7,19.99,14
659,PARK CITIZEN,PG-13,Action,3,14.99,8
660,PARTY KNOCK,PG,Comedy,7,11.99,13
661,PAST SUICIDES,PG-13,Foreign,5,17.99,13
662,PATHS CONTROL,PG,Drama,3,9.99,10
663,PATIENT SISTER,NC-17,Classics,7,29.99,19
664,PATRIOT ROMAN,PG,Action,6,12.99,16
665,PATTON INTERVIEW,PG,Horror,4,22.99,23
666,PAYCHECK WAIT,PG-13,Drama,4,27.99,16
667,PEACH INNOCENT,PG-13,Sports,3,20.99,14
668,PEAK FOREVER,PG,Sports,7,25.99,20
670,PELICAN COMFORTS,PG,Documentary,4,17.99,26
672,PERFECT GROOVE,PG-13,Comedy,7,17.99,17
673,PERSONAL LADYBUGS,PG-13,Music,3,19.99,14
674,PET HAUNTING,PG,Foreign,3,11.99,8
675,PHANTOM GLORY,NC-17,New,6,17.99,6
676,PHILADELPHIA WIFE,PG-13,Sports,7,16.99,23
677,PIANIST OUTFIELD,NC-17,New,6,25.99,21
678,PICKUP DRIVING,G,Sports,3,23.99,16
679,PILOT HOOSIERS,PG,Family,6,17.99,16
680,PINOCCHIO SIMON,PG,Comedy,4,21.99,20
681,PIRATES ROXANNE,PG,Sports,4,20.99,21
682,PITTSBURGH HUNCHBACK,PG-13,Family,4,17.99,12
683,PITY BOUND,NC-17,Drama,5,19.99,26
684,PIZZA JUMANJI,NC-17,Games,4,11.99,7
685,PLATOON INSTINCT,PG-13,New,6,10.99,9
686,PLUTO OLEANDER,R,New,5,9.99,16
687,POCUS PULP,NC-17,Documentary,6,15.99,26
688,POLISH BROOKLYN,PG,Children,6,12.99,18
689,POLLOCK DELIVERANCE,PG,Foreign,5,14.99,18
690,POND SEATTLE,PG-13,Animation,7,25.99,19
691,POSEIDON FOREVER,PG-13,Sports,6,29.99,17
692,POTLUCK MIXED,G,Animation,3,10.99,11
693,POTTER CONNECTICUT,PG,Animation,5,16.99,17
694,PREJUDICE OLEANDER,PG-13,Classics,6,15.99,20
695,PRESIDENT BANG,PG,Family,6,12.99,7
696,PRIDE ALAMO,NC-17,Animation,6,20.99,16
697,PRIMARY GLASS,G,Action,7,16.99,27
698,PRINCESS GIANT,NC-17,Documentary,3,29.99,27
699,PRIVATE DROP,PG,Games,7,26.99,5
700,PRIX UNDEFEATED,R,Family,4,13.99,11
702,PULP BEVERLY,G,Horror,4,12.99,30
703,PUNK DIVORCE,PG,Animation,6,18.99,8
704,PURE RUNNER,NC-17,Comedy,3,25.99,16
705,PURPLE MOVIE,R,Foreign,4,9.99,13
706,QUEEN LUKE,PG,Drama,5,22.99,22
707,QUEST MUSSOLINI,R,Action,5,29.99,20
708,QUILLS BULL,R,Documentary,4,19.99,16
709,RACER EGG,NC-17,Drama,7,19.99,18
710,RAGE GAMES,R,Family,4,18.99,19
711,RAGING AIRPLANE,R,Sci-Fi,4,18.99,13
714,RANDOM GO,NC-17,Sci-Fi,6,29.99,9
715,RANGE MOONWALKER,PG,Family,3,25.99,27
716,REAP UNFAITHFUL,PG-13,Horror,6,26.99,16
717,REAR TRADING,NC-17,Action,6,23.99,17
718,REBEL AIRPORT,G,Music,7,24.99,8
719,RECORDS ZORRO,PG,Sports,7,11.99,8
720,REDEMPTION COMFORTS,NC-17,New,3,20.99,20
721,REDS POCUS,PG-13,Music,7,23.99,9
722,REEF SALUTE,NC-17,Horror,5,26.99,11
723,REIGN GENTLEMEN,PG-13,Sci-Fi,3,29.99,20
724,REMEMBER DIARY,R,Family,5,15.99,18
725,REQUIEM TYCOON,R,Classics,6,25.99,19
726,RESERVOIR ADAPTATION,PG-13,Foreign,7,29.99,10
727,RESURRECTION SILVERADO,PG,Family,6,12.99,21
728,REUNION WITCHES,R,Drama,3,26.99,20
729,RIDER CADDYSHACK,PG,Sports,5,28.99,11
730,RIDGEMONT SUBMARINE,PG-13,New,3,28.99,32
731,RIGHT CRANES,PG-13,Classics,7,29.99,10
732,RINGS HEARTBREAKERS,G,Action,5,17.99,15
733,RIVER OUTLAW,PG-13,Sports,4,29.99,20
734,ROAD ROXANNE,R,Documentary,4,12.99,19
735,ROBBERS JOON,PG-13,Children,7,26.99,31
736,ROBBERY BRIGHT,R,Family,4,21.99,13
737,ROCK INSTINCT,G,Horror,4,28.99,17
738,ROCKETEER MOTHER,PG-13,Foreign,3,27.99,33
739,ROCKY WAR,PG-13,Drama,4,17.99,16
740,ROLLERCOASTER BRINGING,PG-13,Horror,5,13.99,10
741,ROMAN PUNK,NC-17,Music,7,28.99,24
743,ROOM ROMAN,PG,Animation,7,27.99,20
744,ROOTS REMEMBER,PG-13,Classics,4,23.99,17
745,ROSES TREASURE,PG-13,Sports,5,23.99,28
746,ROUGE SQUAD,NC-17,Games,3,10.99,18
747,ROXANNE REBEL,R,Games,5,9.99,19
748,RUGRATS SHAKESPEARE,PG-13,Action,4,16.99,30
749,RULES HUMAN,R,Horror,6,19.99,16
750,RUN PACIFIC,R,New,3,25.99,10
751,RUNAWAY TENENBAUMS,NC-17,New,6,17.99,8
752,RUNNER MADIGAN,NC-17,Music,6,27.99,8
753,RUSH GOODFELLAS,PG,Family,3,20.99,31
754,RUSHMORE MERMAID,PG-13,Comedy,6,17.99,6
755,SABRINA MIDNIGHT,PG,Children,5,11.99,21
756,SADDLE ANTITRUST,PG-13,Comedy,7,10.99,14
757,SAGEBRUSH CLUELESS,G,Documentary,4,28.99,16
758,SAINTS BRIDE,G,Drama,5,11.99,8
759,SALUTE APOLLO,R,New,4,29.99,23
760,SAMURAI LION,G,New,5,21.99,25
761,SANTA PARIS,PG,Children,7,23.99,11
762,SASSY PACKER,G,Games,6,29.99,13
763,SATISFACTION CONFIDENTIAL,G,Sports,3,26.99,17
764,SATURDAY LAMBS,G,Sports,3,28.99,28
765,SATURN NAME,R,Comedy,7,18.99,13
766,SAVANNAH TOWN,PG-13,Drama,5,25.99,12
767,SCALAWAG DUCK,NC-17,Music,6,13.99,32
768,SCARFACE BANG,PG-13,Children,3,11.99,18
769,SCHOOL JACKET,PG-13,Foreign,5,21.99,6
770,SCISSORHANDS SLUMS,G,Foreign,5,13.99,15
771,SCORPION APOLLO,NC-17,Drama,3,23.99,23
772,SEA VIRGIN,PG,Drama,4,24.99,22
773,SEABISCUIT PUNK,NC-17,Sports,6,28.99,26
774,SEARCHERS WAIT,NC-17,Comedy,3,22.99,14
775,SEATTLE EXPECATIONS,PG-13,Drama,4,18.99,24
776,SECRET GROUNDHOG,PG,Documentary,6,11.99,21
777,SECRETARY ROUGE,PG,Sports,5,10.99,18
778,SECRETS PARADISE,G,Family,3,24.99,20
779,SENSE GREEK,R,Sports,4,23.99,7
780,SENSIBILITY REAR,PG,Family,7,15.99,10
781,SEVEN SWARM,R,Games,4,15.99,5
782,SHAKESPEARE SADDLE,PG-13,Sports,6,26.99,22
783,SHANE DARKNESS,PG,Travel,5,22.99,14
784,SHANGHAI TYCOON,PG,Travel,7,20.99,14
785,SHAWSHANK BUBBLE,PG,Travel,6,20.99,19
786,SHEPHERD MIDSUMMER,R,Children,7,14.99,25
787,SHINING ROSES,G,Travel,4,12.99,8
788,SHIP WONDERLAND,R,Documentary,5,15.99,15
789,SHOCK CABIN,PG-13,Foreign,7,15.99,30
790,SHOOTIST SUPERFLY,PG-13,Drama,6,22.99,24
791,SHOW LORD,PG-13,Documentary,3,24.99,25
792,SHREK LICENSE,PG-13,Foreign,7,15.99,15
793,SHRUNK DIVINE,R,Action,6,14.99,14
794,SIDE ARK,G,Action,5,28.99,12
795,SIEGE MADRE,R,Family,7,23.99,15
796,SIERRA DIVIDE,NC-17,Sports,3,12.99,15
797,SILENCE KANE,R,Music,7,23.99,16
798,SILVERADO GOLDFINGER,PG,Sci-Fi,4,11.99,12
799,SIMON NORTH,NC-17,Horror,3,26.99,6
800,SINNERS ATLANTIS,PG-13,Horror,7,19.99,22
803,SLACKER LIAISONS,R,Drama,7,29.99,17
804,SLEEPING SUSPECTS,PG-13,Horror,7,13.99,24
805,SLEEPLESS MONSOON,G,Animation,5,12.99,20
806,SLEEPY JAPANESE,PG,New,4,25.99,21
807,SLEUTH ORIENT,NC-17,Games,4,25.99,21
808,SLING LUKE,R,Classics,5,10.99,6
809,SLIPPER FIDELITY,PG-13,Sports,5,14.99,16
810,SLUMS DUCK,PG,Family,5,21.99,24
811,SMILE EARRING,G,Travel,4,29.99,10
812,SMOKING BARBARELLA,PG-13,Documentary,7,13.99,18
813,SMOOCHY CONTROL,R,Sports,7,18.99,12
814,SNATCH SLIPPER,PG,Comedy,6,15.99,22
815,SNATCHERS MONTEZUMA,PG-13,Classics,4,14.99,9
816,SNOWMAN ROLLERCOASTER,G,Animation,3,27.99,23
817,SOLDIERS EVOLUTION,R,Sci-Fi,7,27.99,8
818,SOMETHING DUCK,NC-17,Drama,4,17.99,19
819,SONG HEDWIG,PG-13,Music,3,29.99,11
820,SONS INTERVIEW,NC-17,Animation,3,11.99,15
821,SORORITY QUEEN,NC-17,Foreign,6,17.99,12
822,SOUP WISDOM,R,Family,6,12.99,8
823,SOUTH WAIT,R,Action,4,21.99,22
824,SPARTACUS CHEAPER,NC-17,Family,4,19.99,9
825,SPEAKEASY DATE,PG-13,Action,6,22.99,12
826,SPEED SUIT,PG-13,Travel,7,19.99,9
827,SPICE SORORITY,NC-17,Drama,5,22.99,20
828,SPIKING ELEMENT,G,Classics,7,12.99,13
829,SPINAL ROCKY,PG-13,Family,7,12.99,13
830,SPIRIT FLINTSTONES,R,Horror,7,23.99,15
831,SPIRITED CASUALTIES,PG-13,Sci-Fi,5,20.99,11
832,SPLASH GUMP,PG,Family,5,16.99,14
833,SPLENDOR PATTON,R,Children,5,20.99,21
834,SPOILERS HELLFIGHTERS,G,Documentary,4,26.99,10
835,SPY MILE,PG-13,Games,6,13.99,27
836,SQUAD FISH,PG,Sports,3,14.99,7
837,STAGE WORLD,PG,Comedy,4,19.99,10
838,STAGECOACH ARMAGEDDON,R,Action,5,25.99,26
839,STALLION SUNDANCE,PG-13,Sci-Fi,5,23.99,7
840,STAMPEDE DISTURBING,R,Games,5,26.99,14
841,STAR OPERATION,PG,Sports,5,9.99,21
842,STATE WASTELAND,NC-17,Games,4,13.99,13
843,STEEL SANTA,NC-17,Classics,4,15.99,23
844,STEERS ARMAGEDDON,PG,Sports,6,16.99,15
845,STEPMOM DREAM,NC-17,Foreign,7,9.99,20
846,STING PERSONAL,NC-17,New,3,9.99,21
847,STOCK GLASS,PG,New,7,10.99,14
848,STONE FIRE,G,Travel,3,19.99,11
849,STORM HAPPINESS,NC-17,Animation,6,28.99,29
850,STORY SIDE,R,Action,7,27.99,28
851,STRAIGHT HOURS,R,Sports,3,19.99,20
852,STRANGELOVE DESIRE,NC-17,Children,4,27.99,24
853,STRANGER STRANGERS,G,Children,3,12.99,11
854,STRANGERS GRAFFITI,R,Horror,4,22.99,17
855,STREAK RIDGEMONT,PG-13,Documentary,7,28.99,16
856,STREETCAR INTENTIONS,R,Horror,5,11.99,25
857,STRICTLY SCARFACE,PG-13,Comedy,3,24.99,23
858,SUBMARINE BED,R,Comedy,5,21.99,15
859,SUGAR WONKA,PG,Animation,3,20.99,17
861,SUIT WALLS,R,Games,3,12.99,21
862,SUMMER SCARFACE,G,Classics,5,25.99,16
863,SUN CONFESSIONS,R,Sci-Fi,5,9.99,25
864,SUNDANCE INVASION,NC-17,Children,5,21.99,19
865,SUNRISE LEAGUE,PG-13,Animation,3,19.99,24
866,SUNSET RACER,NC-17,Family,6,28.99,8
867,SUPER WYOMING,PG,Family,5,10.99,13
868,SUPERFLY TRIP,PG,Travel,5,27.99,10
869,SUSPECTS QUILLS,PG,Action,4,22.99,30
870,SWARM GOLD,PG-13,Horror,4,12.99,27
871,SWEDEN SHINING,PG,Comedy,6,19.99,18
872,SWEET BROTHERHOOD,R,Travel,3,27.99,15
873,SWEETHEARTS SUSPECTS,G,Children,3,13.99,29
875,TALENTED HOMICIDE,PG,Sports,6,9.99,29
876,TARZAN VIDEOTAPE,PG-13,Horror,3,11.99,8
877,TAXI KICK,PG-13,Music,4,23.99,17
878,TEEN APOLLO,G,Travel,3,25.99,17
879,TELEGRAPH VOYAGE,PG,Music,3,20.99,27
880,TELEMARK HEARTBREAKERS,PG-13,Animation,6,9.99,25
881,TEMPLE ATTRACTION,PG,Horror,5,13.99,12
882,TENENBAUMS COMMAND,PG-13,Drama,4,24.99,13
883,TEQUILA PAST,PG,Children,6,17.99,6
884,TERMINATOR CLUB,R,Music,5,11.99,6
885,TEXAS WATCH,NC-17,Horror,7,22.99,6
886,THEORY MERMAID,PG-13,Animation,5,9.99,11
887,THIEF PELICAN,PG-13,Animation,5,28.99,19
888,THIN SAGEBRUSH,PG-13,Documentary,5,9.99,11
889,TIES HUNGER,R,Children,3,28.99,11
890,TIGHTS DAWN,R,Sports,5,14.99,26
891,TIMBERLAND SKY,G,Classics,3,13.99,31
892,TITANIC BOONDOCK,R,Animation,3,18.99,23
893,TITANS JERK,PG,Sci-Fi,4,11.99,29
894,TOMATOES HELLFIGHTERS,PG,Travel,6,23.99,14
895,TOMORROW HUSTLER,R,Classics,3,21.99,25
896,TOOTSIE PILOT,PG,Children,3,10.99,15
897,TORQUE BOUND,G,Drama,3,27.99,27
898,TOURIST PELICAN,PG-13,Sports,4,18.99,22
899,TOWERS HURRICANE,NC-17,Classics,7,14.99,11
900,TOWN ARK,R,Foreign,6,17.99,14
901,TRACY CIDER,G,Animation,3,29.99,26
902,TRADING PINOCCHIO,PG,Sports,6,22.99,25
903,TRAFFIC HOBBIT,G,Travel,5,13.99,5
904,TRAIN BUNCH,R,Horror,3,26.99,4
905,TRAINSPOTTING STRANGERS,PG-13,Comedy,7,10.99,11
906,TRAMP OTHERS,PG,Comedy,4,27.99,20
907,TRANSLATION SUMMER,PG-13,Drama,4,10.99,15
908,TRAP GUYS,G,Foreign,3,11.99,16
910,TREATMENT JEKYLL,PG,Drama,3,19.99,7
911,TRIP NEWTON,PG-13,Action,7,14.99,28
912,TROJAN TOMORROW,PG,Sci-Fi,3,9.99,19
913,TROOPERS METAL,R,New,3,20.99,14
914,TROUBLE DATE,PG,Travel,6,13.99,23
915,TRUMAN CRAZY,G,Action,7,9.99,23
916,TURN STAR,G,Animation,3,10.99,14
917,TUXEDO MILE,R,Sports,3,24.99,13
918,TWISTED PIRATES,PG,Children,4,23.99,11
919,TYCOON GATHERING,G,Games,3,17.99,12
920,UNBREAKABLE KARATE,G,New,3,16.99,21
921,UNCUT SUICIDES,PG-13,Music,7,29.99,14
922,UNDEFEATED DALMATIONS,PG-13,Horror,7,22.99,21
923,UNFAITHFUL KILL,R,Drama,7,12.99,8
924,UNFORGIVEN ZOOLANDER,PG,Sci-Fi,7,15.99,18
925,UNITED PILOT,R,Documentary,3,27.99,17
926,UNTOUCHABLES SUNRISE,NC-17,Documentary,5,11.99,8
927,UPRISING UPTOWN,NC-17,Action,6,16.99,16
928,UPTOWN YOUNG,PG,Children,5,16.99,12
929,USUAL UNTOUCHABLES,PG-13,Foreign,5,21.99,13
930,VACATION BOONDOCK,R,Sci-Fi,4,23.99,21
931,VALENTINE VANISHING,PG-13,Travel,7,9.99,12
932,VALLEY PACKER,G,Comedy,3,21.99,15
933,VAMPIRE WHALE,NC-17,New,4,11.99,12
934,VANILLA DAY,NC-17,Games,7,20.99,9
935,VANISHED GARDEN,R,New,5,17.99,7
936,VANISHING ROCKY,NC-17,Music,3,21.99,18
937,VARSITY TRIP,NC-17,New,7,14.99,16
938,VELVET TERMINATOR,R,Comedy,3,14.99,26
939,VERTIGO NORTHWEST,R,Comedy,4,17.99,8
940,VICTORY ACADEMY,PG-13,Sports,6,19.99,9
941,VIDEOTAPE ARSENIC,NC-17,Games,4,10.99,29
942,VIETNAM SMOOCHY,PG-13,Drama,7,27.99,15
944,VIRGIN DAISY,PG-13,Drama,6,29.99,17
945,VIRGINIAN PLUTO,R,Documentary,5,22.99,29
946,VIRTUAL SPOILERS,NC-17,Family,3,14.99,14
947,VISION TORQUE,PG-13,Foreign,5,16.99,7
948,VOICE PEACH,PG-13,New,6,22.99,19
949,VOLCANO TEXAS,NC-17,Games,6,27.99,22
951,VOYAGE LEGALLY,PG-13,Classics,6,28.99,28
952,WAGON JAWS,PG,Documentary,7,17.99,10
953,WAIT CIDER,PG-13,Animation,3,9.99,21
956,WANDA CHAMBER,PG-13,Games,7,23.99,16
957,WAR NOTTING,G,Foreign,7,26.99,12
958,WARDROBE PHANTOM,G,Drama,6,19.99,27
959,WARLOCK WEREWOLF,G,Children,6,10.99,6
960,WARS PLUTO,G,Documentary,5,15.99,10
961,WASH HEAVENLY,R,Foreign,7,22.99,23
962,WASTELAND DIVINE,PG,Classics,7,18.99,15
963,WATCH TRACY,PG,Animation,5,12.99,16
964,WATERFRONT DELIVERANCE,G,Action,4,17.99,17
965,WATERSHIP FRONTIER,G,Horror,6,28.99,6
966,WEDDING APOLLO,PG,Documentary,3,14.99,24
967,WEEKEND PERSONAL,R,Sci-Fi,5,26.99,18
968,WEREWOLF LOLA,G,Action,6,19.99,14
969,WEST LION,G,Drama,4,29.99,16
970,WESTWARD SEABISCUIT,NC-17,Classics,7,11.99,26
971,WHALE BIKINI,PG-13,Foreign,4,11.99,18
972,WHISPERER GIANT,PG-13,Sci-Fi,4,24.99,22
973,WIFE TURN,NC-17,Documentary,3,27.99,31
974,WILD APOLLO,R,New,4,24.99,6
975,WILLOW TRACY,R,Family,6,22.99,16
976,WIND PHANTOM,R,Games,6,12.99,23
977,WINDOW SIDE,R,Travel,3,25.99,12
978,WISDOM WORKER,R,Comedy,3,12.99,9
979,WITCHES PANIC,NC-17,Drama,6,10.99,30
980,WIZARD COLDBLOODED,PG,Music,4,12.99,16
981,WOLVES DESIRE,NC-17,Travel,7,13.99,21
982,WOMEN DORADO,R,Action,4,23.99,23
983,WON DARES,PG,Music,7,18.99,9
984,WONDERFUL DROP,NC-17,Foreign,3,20.99,9
985,WONDERLAND CHRISTMAS,PG,Sci-Fi,4,19.99,22
986,WONKA SEA,NC-17,Animation,6,24.99,18
987,WORDS HUNTER,PG,Music,3,13.99,16
988,WORKER TARZAN,R,Travel,7,26.99,15
989,WORKING MICROCOSMOS,R,Travel,4,22.99,25
990,WORLD LEATHERNECKS,PG-13,Horror,3,13.99,8
991,WORST BANGER,PG,Action,4,26.99,16
992,WRATH MILE,NC-17,Documentary,5,17.99,14
993,WRONG BEHAVIOR,PG-13,Children,6,10.99,20
994,WYOMING STORM,PG-13,New,6,29.99,13
995,YENTL IDAHO,R,Horror,5,11.99,23
996,YOUNG LANGUAGE,G,Documentary,6,9.99,7
997,YOUTH KICK,NC-17,Music,4,14.99,6
998,ZHIVAGO CORE,NC-17,Horror,6,10.99,9
999,ZOOLANDER FICTION,R,Children,5,28.99,17
1000,ZORRO ARK,NC-17,Comedy,3,18.99,31
